﻿designator,quantity,value,pack,mpn,mount_type
"C1, C10, C3, C4",4,GRT033R60J105ME13D,C_0402_1005Metric,,smt
"C11, C13, C14, C15, C18, C5, C6, C7, C8",9,CSA0201X5R104K6R3ET,C_0402_1005Metric,,smt
"C19, C2",2,GJM1555C1H220JB01D,C_0402_1005Metric,,smt
D1,1,RB520SM-40T2R,D_SOD-523,,smt
FLASH1,1,w25q16jvuxiq,SON-8-1EP_3x2mm_P0.5mm_EP1.4x1.6mm,,smt
"J1, J2",2,KXT331LHS,SW_SPST_CK_KXT3,,smt
"LED1, LED10, LED11, LED12, LED13, LED14, LED15, LED16, LED17, LED18, LED19, LED2, LED20, LED21, LED22, LED23, LED24, LED25, LED26, LED27, LED3, LED4, LED5, LED6, LED7, LED8, LED9",27,SK6803MINI-E-001,SK6812-MINI-E,,tht
"R1, R7",2,0201WMF1001TEE,C_0402_1005Metric,,smt
R2,1,0201WMF1002TEE,C_0402_1005Metric,,smt
"R3, R4",2,0201WMJ0270TEE,R_0402_1005Metric,,smt
"R5, R6",2,RTT01512JTH,R_0402_1005Metric,,smt
"SD1, SD10, SD11, SD12, SD13, SD14, SD15, SD17, SD18, SD19, SD2, SD20, SD21, SD22, SD23, SD25, SD26, SD27, SD28, SD29, SD3, SD30, SD4, SD5, SD6, SD7, SD9",27,1N4148W,D_SOD-123F,,smt
"SW1, SW10, SW11, SW12, SW13, SW14, SW15, SW16, SW17, SW18, SW19, SW2, SW20, SW21, SW22, SW23, SW24, SW25, SW26, SW27, SW3, SW4, SW5, SW6, SW7, SW8, SW9",27,CPG151101S11,SW_Cherry_MX_1.00u_PCB_HOTSWAP_Details,,tht
U1,1,ZL6201A33S3,SOT-23,,smt
U3,1,RP2040,RP2040-QFN-56,,smt
USB2,1,HRO-TYPE-C-31-M-12,HRO-TYPE-C-31-M-12,,smt
Y1,1, TAXM12M4RKDCDT2T,Crystal_SMD_3225-4Pin_3.2x2.5mm,,smt
"hole, hole, hole, hole",4,hole,,,tht
pin,1,DNP,PinHeader_1x03_P1.00mm_Vertical,,tht
