﻿pos_x,pos_y,rotation,side,designator,mpn,pack,value,mount_type,place
98.2025,-129.84375,-90.0,bottom,C1,,C_0402_1005Metric,GRT033R60J105ME13D,smt,True
97.3025,-131.71875,90.0,bottom,C10,,C_0402_1005Metric,GRT033R60J105ME13D,smt,True
94.83,-136.89625,135.0,bottom,C11,,C_0402_1005Metric,CSA0201X5R104K6R3ET,smt,True
99.82,-130.27,90.0,bottom,C13,,C_0402_1005Metric,CSA0201X5R104K6R3ET,smt,True
95.46,-133.63,90.0,bottom,C14,,C_0402_1005Metric,CSA0201X5R104K6R3ET,smt,True
105.38,-132.13,90.0,bottom,C15,,C_0402_1005Metric,CSA0201X5R104K6R3ET,smt,True
100.32,-142.43,-90.0,bottom,C18,,C_0402_1005Metric,CSA0201X5R104K6R3ET,smt,True
106.615,-144.41625,-90.0,bottom,C19,,C_0402_1005Metric,GJM1555C1H220JB01D,smt,True
101.45,-144.50625,-90.0,bottom,C2,,C_0402_1005Metric,GJM1555C1H220JB01D,smt,True
98.2275,-131.71875,90.0,bottom,C3,,C_0402_1005Metric,GRT033R60J105ME13D,smt,True
96.3275,-131.71875,90.0,bottom,C4,,C_0402_1005Metric,GRT033R60J105ME13D,smt,True
107.0125,-129.23625,-45.0,bottom,C5,,C_0402_1005Metric,CSA0201X5R104K6R3ET,smt,True
100.79,-130.27,90.0,bottom,C6,,C_0402_1005Metric,CSA0201X5R104K6R3ET,smt,True
99.2525,-142.85,-90.0,bottom,C7,,C_0402_1005Metric,CSA0201X5R104K6R3ET,smt,True
105.12,-138.99625,-90.0,bottom,C8,,C_0402_1005Metric,CSA0201X5R104K6R3ET,smt,True
97.9525,-127.61875,90.0,bottom,D1,,D_SOD-523,RB520SM-40T2R,smt,True
103.63,-129.33,90.0,bottom,FLASH1,,SON-8-1EP_3x2mm_P0.5mm_EP1.4x1.6mm,w25q16jvuxiq,smt,True
92.5275,-140.775,180.0,bottom,J1,,SW_SPST_CK_KXT3,KXT331LHS,smt,True
93.59,-133.23,90.0,bottom,J2,,SW_SPST_CK_KXT3,KXT331LHS,smt,True
101.0325,-84.28,180.0,bottom,LED1,,SK6812-MINI-E,SK6803MINI-E-001,tht,True
139.1275,-103.32,180.0,bottom,LED10,,SK6812-MINI-E,SK6803MINI-E-001,tht,True
158.2025,-103.32,180.0,bottom,LED11,,SK6812-MINI-E,SK6803MINI-E-001,tht,True
177.2525,-103.32,180.0,bottom,LED12,,SK6812-MINI-E,SK6803MINI-E-001,tht,True
196.3025,-103.32,180.0,bottom,LED13,,SK6812-MINI-E,SK6803MINI-E-001,tht,True
215.3275,-103.295,180.0,bottom,LED14,,SK6812-MINI-E,SK6803MINI-E-001,tht,True
101.0525,-122.375,180.0,bottom,LED15,,SK6812-MINI-E,SK6803MINI-E-001,tht,True
120.1025,-122.37,180.0,bottom,LED16,,SK6812-MINI-E,SK6803MINI-E-001,tht,True
139.1525,-122.375,180.0,bottom,LED17,,SK6812-MINI-E,SK6803MINI-E-001,tht,True
158.2025,-122.37,180.0,bottom,LED18,,SK6812-MINI-E,SK6803MINI-E-001,tht,True
177.2775,-122.345,180.0,bottom,LED19,,SK6812-MINI-E,SK6803MINI-E-001,tht,True
120.1025,-84.275,180.0,bottom,LED2,,SK6812-MINI-E,SK6803MINI-E-001,tht,True
196.3025,-122.35,180.0,bottom,LED20,,SK6812-MINI-E,SK6803MINI-E-001,tht,True
215.3525,-122.35,180.0,bottom,LED21,,SK6812-MINI-E,SK6803MINI-E-001,tht,True
120.1025,-141.42,180.0,bottom,LED22,,SK6812-MINI-E,SK6803MINI-E-001,tht,True
139.1525,-141.42,180.0,bottom,LED23,,SK6812-MINI-E,SK6803MINI-E-001,tht,True
158.2025,-141.42,180.0,bottom,LED24,,SK6812-MINI-E,SK6803MINI-E-001,tht,True
177.2525,-141.395,180.0,bottom,LED25,,SK6812-MINI-E,SK6803MINI-E-001,tht,True
196.3025,-141.4,180.0,bottom,LED26,,SK6812-MINI-E,SK6803MINI-E-001,tht,True
215.3525,-141.395,180.0,bottom,LED27,,SK6812-MINI-E,SK6803MINI-E-001,tht,True
139.1275,-84.27,180.0,bottom,LED3,,SK6812-MINI-E,SK6803MINI-E-001,tht,True
158.1775,-84.27,180.0,bottom,LED4,,SK6812-MINI-E,SK6803MINI-E-001,tht,True
177.2525,-84.27,180.0,bottom,LED5,,SK6812-MINI-E,SK6803MINI-E-001,tht,True
196.3025,-84.27,180.0,bottom,LED6,,SK6812-MINI-E,SK6803MINI-E-001,tht,True
215.3275,-84.245,180.0,bottom,LED7,,SK6812-MINI-E,SK6803MINI-E-001,tht,True
101.0525,-103.32,180.0,bottom,LED8,,SK6812-MINI-E,SK6803MINI-E-001,tht,True
120.1025,-103.32,180.0,bottom,LED9,,SK6812-MINI-E,SK6803MINI-E-001,tht,True
105.38,-128.38625,90.0,bottom,R1,,C_0402_1005Metric,0201WMF1001TEE,smt,True
105.38,-130.28,90.0,bottom,R2,,C_0402_1005Metric,0201WMF1002TEE,smt,True
100.53,-127.53,-135.0,bottom,R3,,R_0402_1005Metric,0201WMJ0270TEE,smt,True
99.77,-126.83,-135.0,bottom,R4,,R_0402_1005Metric,0201WMJ0270TEE,smt,True
233.4275,-101.775,0.0,bottom,R5,,R_0402_1005Metric,RTT01512JTH,smt,True
233.6525,-113.65,0.0,bottom,R6,,R_0402_1005Metric,RTT01512JTH,smt,True
101.45,-142.62625,90.0,bottom,R7,,C_0402_1005Metric,0201WMF1001TEE,smt,True
110.5775,-72.7,90.0,bottom,SD1,,D_SOD-123F,1N4148W,smt,True
129.6275,-91.85,90.0,bottom,SD10,,D_SOD-123F,1N4148W,smt,True
148.6775,-91.843,90.0,bottom,SD11,,D_SOD-123F,1N4148W,smt,True
167.7275,-91.843,90.0,bottom,SD12,,D_SOD-123F,1N4148W,smt,True
186.7775,-91.843,90.0,bottom,SD13,,D_SOD-123F,1N4148W,smt,True
205.8275,-91.843,90.0,bottom,SD14,,D_SOD-123F,1N4148W,smt,True
224.8775,-91.843,90.0,bottom,SD15,,D_SOD-123F,1N4148W,smt,True
110.5775,-110.775,90.0,bottom,SD17,,D_SOD-123F,1N4148W,smt,True
129.5775,-110.75,90.0,bottom,SD18,,D_SOD-123F,1N4148W,smt,True
148.6025,-110.75,90.0,bottom,SD19,,D_SOD-123F,1N4148W,smt,True
129.6275,-72.7,90.0,bottom,SD2,,D_SOD-123F,1N4148W,smt,True
167.7275,-110.775,90.0,bottom,SD20,,D_SOD-123F,1N4148W,smt,True
186.7775,-110.775,90.0,bottom,SD21,,D_SOD-123F,1N4148W,smt,True
205.8275,-110.75,90.0,bottom,SD22,,D_SOD-123F,1N4148W,smt,True
224.8025,-110.775,90.0,bottom,SD23,,D_SOD-123F,1N4148W,smt,True
129.23,-130.3575,90.0,bottom,SD25,,D_SOD-123F,1N4148W,smt,True
148.347,-130.3475,90.0,bottom,SD26,,D_SOD-123F,1N4148W,smt,True
167.397,-130.3475,90.0,bottom,SD27,,D_SOD-123F,1N4148W,smt,True
186.447,-130.3595,90.0,bottom,SD28,,D_SOD-123F,1N4148W,smt,True
205.497,-130.3595,90.0,bottom,SD29,,D_SOD-123F,1N4148W,smt,True
148.6775,-72.725,90.0,bottom,SD3,,D_SOD-123F,1N4148W,smt,True
224.481,-130.3475,90.0,bottom,SD30,,D_SOD-123F,1N4148W,smt,True
167.7275,-72.7,90.0,bottom,SD4,,D_SOD-123F,1N4148W,smt,True
186.7775,-72.7,90.0,bottom,SD5,,D_SOD-123F,1N4148W,smt,True
205.8275,-72.7,90.0,bottom,SD6,,D_SOD-123F,1N4148W,smt,True
224.8525,-72.7,90.0,bottom,SD7,,D_SOD-123F,1N4148W,smt,True
110.5775,-91.843,90.0,bottom,SD9,,D_SOD-123F,1N4148W,smt,True
103.5805,-74.133,0.0,top,SW1,,SW_Cherry_MX_1.00u_PCB_HOTSWAP_Details,CPG151101S11,tht,True
141.6805,-93.183,0.0,top,SW10,,SW_Cherry_MX_1.00u_PCB_HOTSWAP_Details,CPG151101S11,tht,True
160.7405,-93.177955,0.0,top,SW11,,SW_Cherry_MX_1.00u_PCB_HOTSWAP_Details,CPG151101S11,tht,True
179.8055,-93.173,0.0,top,SW12,,SW_Cherry_MX_1.00u_PCB_HOTSWAP_Details,CPG151101S11,tht,True
198.8405,-93.173,0.0,top,SW13,,SW_Cherry_MX_1.00u_PCB_HOTSWAP_Details,CPG151101S11,tht,True
217.8805,-93.158,0.0,top,SW14,,SW_Cherry_MX_1.00u_PCB_HOTSWAP_Details,CPG151101S11,tht,True
103.5875,-112.235,0.0,top,SW15,,SW_Cherry_MX_1.00u_PCB_HOTSWAP_Details,CPG151101S11,tht,True
122.6405,-112.223,0.0,top,SW16,,SW_Cherry_MX_1.00u_PCB_HOTSWAP_Details,CPG151101S11,tht,True
141.6805,-112.233,0.0,top,SW17,,SW_Cherry_MX_1.00u_PCB_HOTSWAP_Details,CPG151101S11,tht,True
160.7405,-112.223,0.0,top,SW18,,SW_Cherry_MX_1.00u_PCB_HOTSWAP_Details,CPG151101S11,tht,True
179.8055,-112.208,0.0,top,SW19,,SW_Cherry_MX_1.00u_PCB_HOTSWAP_Details,CPG151101S11,tht,True
122.6405,-74.127955,0.0,top,SW2,,SW_Cherry_MX_1.00u_PCB_HOTSWAP_Details,CPG151101S11,tht,True
198.8375,-112.21,0.0,top,SW20,,SW_Cherry_MX_1.00u_PCB_HOTSWAP_Details,CPG151101S11,tht,True
217.8875,-112.21,0.0,top,SW21,,SW_Cherry_MX_1.00u_PCB_HOTSWAP_Details,CPG151101S11,tht,True
122.6405,-131.277955,0.0,top,SW22,,SW_Cherry_MX_1.00u_PCB_HOTSWAP_Details,CPG151101S11,tht,True
141.6905,-131.273,0.0,top,SW23,,SW_Cherry_MX_1.00u_PCB_HOTSWAP_Details,CPG151101S11,tht,True
160.7405,-131.273,0.0,top,SW24,,SW_Cherry_MX_1.00u_PCB_HOTSWAP_Details,CPG151101S11,tht,True
179.7905,-131.258,0.0,top,SW25,,SW_Cherry_MX_1.00u_PCB_HOTSWAP_Details,CPG151101S11,tht,True
198.8375,-131.26,0.0,top,SW26,,SW_Cherry_MX_1.00u_PCB_HOTSWAP_Details,CPG151101S11,tht,True
217.8905,-131.252955,0.0,top,SW27,,SW_Cherry_MX_1.00u_PCB_HOTSWAP_Details,CPG151101S11,tht,True
141.6805,-74.127955,0.0,top,SW3,,SW_Cherry_MX_1.00u_PCB_HOTSWAP_Details,CPG151101S11,tht,True
160.7405,-74.123,0.0,top,SW4,,SW_Cherry_MX_1.00u_PCB_HOTSWAP_Details,CPG151101S11,tht,True
179.7905,-74.123,0.0,top,SW5,,SW_Cherry_MX_1.00u_PCB_HOTSWAP_Details,CPG151101S11,tht,True
198.8405,-74.123,0.0,top,SW6,,SW_Cherry_MX_1.00u_PCB_HOTSWAP_Details,CPG151101S11,tht,True
217.8805,-74.108,0.0,top,SW7,,SW_Cherry_MX_1.00u_PCB_HOTSWAP_Details,CPG151101S11,tht,True
103.5905,-93.177955,0.0,top,SW8,,SW_Cherry_MX_1.00u_PCB_HOTSWAP_Details,CPG151101S11,tht,True
122.6405,-93.173,0.0,top,SW9,,SW_Cherry_MX_1.00u_PCB_HOTSWAP_Details,CPG151101S11,tht,True
95.5025,-128.83125,90.0,bottom,U1,,SOT-23,ZL6201A33S3,smt,True
100.2275,-136.69375,180.0,bottom,U3,,RP2040-QFN-56,RP2040,smt,True
238.6125,-107.725,-90.0,bottom,USB2,,HRO-TYPE-C-31-M-12,HRO-TYPE-C-31-M-12,smt,True
104.1,-143.42625,180.0,bottom,Y1,,Crystal_SMD_3225-4Pin_3.2x2.5mm, TAXM12M4RKDCDT2T,smt,True
230.0775,-139.03,0.0,top,hole,,,hole,tht,False
86.3775,-139.03,0.0,top,hole,,,hole,tht,False
86.3775,-76.45,0.0,top,hole,,,hole,tht,False
230.0775,-76.45,0.0,top,hole,,,hole,tht,False
95.6775,-142.75,90.0,top,pin,,PinHeader_1x03_P1.00mm_Vertical,DNP,tht,False
